{"bottle": 1.0, "metal_nut": 0.9868035190615836, "capsule": 0.9162345432788193, "hazelnut": 1.0, "toothbrush": 0.9555555555555555}