{"bottle": 12.355921745300293, "metal_nut": 15.948822498321533, "capsule": 12.970322132110596, "hazelnut": 18.36584162712097, "toothbrush": 14.028446435928345}